               epoch,      train/box_loss,      train/obj_loss,      train/cls_loss,   metrics/precision,      metrics/recall,     metrics/mAP_0.5,metrics/mAP_0.5:0.95,        val/box_loss,        val/obj_loss,        val/cls_loss,               x/lr0,               x/lr1,               x/lr2
                   0,               0.119,            0.014144,            0.074803,           0.0041677,             0.22719,           0.0036396,           0.0010607,             0.11553,           0.0074835,             0.07757,              0.0928,              0.0008,              0.0008
                   1,             0.10575,            0.016163,            0.069404,           0.0041128,             0.27018,           0.0065716,           0.0029437,             0.10632,           0.0084729,            0.068616,            0.084692,           0.0016916,           0.0016916
                   2,            0.098306,            0.018549,            0.062138,           0.0027902,             0.27018,            0.049029,            0.022677,             0.10286,           0.0087051,            0.056394,            0.076574,           0.0025743,           0.0025743
                   3,              0.0882,            0.020931,            0.050652,             0.63307,             0.21053,             0.15826,            0.085909,             0.10132,           0.0086188,            0.043163,            0.068448,            0.003448,            0.003448
                   4,            0.083167,            0.021288,            0.041992,             0.76205,             0.18421,             0.19108,            0.089576,            0.091804,             0.00912,            0.035208,            0.060313,           0.0043129,           0.0043129
                   5,            0.080764,            0.019787,            0.036718,             0.79613,             0.15789,              0.1785,             0.10937,            0.082848,           0.0095549,            0.031507,            0.052169,           0.0051688,           0.0051688
                   6,            0.075711,            0.019081,            0.033565,             0.81324,             0.15789,             0.22139,             0.12035,            0.086557,           0.0086613,            0.029454,            0.044016,           0.0060159,           0.0060159
                   7,            0.073182,            0.018958,            0.031051,             0.35444,             0.19241,             0.19282,             0.11309,            0.099359,           0.0068684,            0.028657,            0.035854,            0.006854,            0.006854
                   8,            0.073105,            0.017021,            0.029382,             0.17301,             0.21053,             0.18959,            0.076197,            0.083217,            0.008131,            0.026803,            0.027683,           0.0076832,           0.0076832
                   9,            0.072302,            0.019104,            0.029557,             0.23652,             0.15789,             0.19397,             0.12022,            0.078847,           0.0082231,            0.025663,            0.019504,           0.0085035,           0.0085035
                  10,            0.067365,              0.0175,            0.027769,             0.27594,             0.19492,             0.19135,             0.10059,            0.086588,           0.0071402,            0.025375,            0.011315,           0.0093149,           0.0093149
                  11,            0.073213,            0.016418,            0.026258,              0.8115,             0.18421,             0.26715,             0.14457,            0.065327,            0.008604,            0.024479,           0.0094555,           0.0094555,           0.0094555
                  12,            0.067077,            0.016728,            0.028384,             0.30159,             0.20051,             0.24554,             0.12218,            0.082122,           0.0066338,             0.02417,           0.0094555,           0.0094555,           0.0094555
                  13,             0.06659,            0.015982,            0.025642,             0.17737,             0.37719,             0.24507,             0.11705,            0.074005,           0.0067344,            0.023658,            0.009406,            0.009406,            0.009406
                  14,            0.059623,            0.017213,            0.026197,             0.24409,              0.3819,             0.30983,             0.17156,            0.070871,           0.0063848,            0.023186,           0.0093565,           0.0093565,           0.0093565
                  15,              0.0573,            0.018432,            0.025147,              0.4365,             0.51053,             0.43341,             0.16897,            0.064125,           0.0064955,            0.022979,            0.009307,            0.009307,            0.009307
                  16,            0.057454,            0.016296,            0.023727,             0.47932,             0.46053,             0.48611,             0.22337,            0.066399,           0.0058341,            0.022331,           0.0092575,           0.0092575,           0.0092575
                  17,            0.057239,            0.015772,            0.023724,             0.16387,              0.4389,              0.1943,            0.096625,            0.075256,           0.0054035,            0.021789,            0.009208,            0.009208,            0.009208
                  18,            0.052804,            0.016569,              0.0218,             0.37089,             0.49919,             0.25017,             0.14879,            0.074373,           0.0052626,            0.021451,           0.0091585,           0.0091585,           0.0091585
                  19,            0.058622,            0.013761,            0.023488,             0.45958,             0.60003,             0.41137,             0.22218,            0.054374,           0.0058508,            0.020771,            0.009109,            0.009109,            0.009109
                  20,            0.048349,            0.014152,            0.020323,              0.3655,             0.61053,              0.2711,             0.11655,            0.070083,            0.005363,            0.020057,           0.0090595,           0.0090595,           0.0090595
                  21,             0.05063,            0.015292,             0.01947,             0.67784,             0.46533,             0.58649,             0.23579,            0.054759,           0.0054297,            0.019003,             0.00901,             0.00901,             0.00901
                  22,            0.048543,            0.013558,            0.017545,             0.58989,             0.53158,             0.59608,              0.3517,            0.064288,           0.0049341,            0.019142,           0.0089605,           0.0089605,           0.0089605
                  23,             0.05165,            0.013682,            0.016555,             0.85875,             0.60088,             0.70403,             0.33313,            0.044366,            0.005002,            0.019078,            0.008911,            0.008911,            0.008911
                  24,             0.04994,            0.012867,             0.01695,             0.78633,             0.55789,              0.6905,             0.36433,            0.045537,           0.0048032,            0.019101,           0.0088615,           0.0088615,           0.0088615
                  25,            0.045207,            0.011284,            0.017053,             0.40682,             0.69213,             0.66388,             0.28877,            0.046811,           0.0048499,            0.019748,            0.008812,            0.008812,            0.008812
                  26,            0.045668,             0.01269,            0.014048,             0.42892,             0.66053,             0.54491,             0.24983,            0.053169,            0.004514,            0.022999,           0.0087625,           0.0087625,           0.0087625
                  27,            0.048067,            0.011364,            0.013835,             0.56342,             0.50126,             0.54291,             0.25355,            0.052733,           0.0042422,            0.019762,            0.008713,            0.008713,            0.008713
                  28,            0.045999,            0.011889,            0.016104,             0.65623,             0.59458,             0.67235,             0.38866,            0.045602,           0.0040967,            0.019216,           0.0086635,           0.0086635,           0.0086635
                  29,            0.042475,            0.012029,            0.011874,             0.59351,             0.58421,                0.67,             0.30012,             0.04829,           0.0041304,            0.019537,            0.008614,            0.008614,            0.008614
                  30,            0.044221,            0.010597,             0.01135,             0.42018,             0.79813,              0.5283,             0.25828,             0.05426,           0.0040021,            0.018462,           0.0085645,           0.0085645,           0.0085645
                  31,            0.044229,            0.011295,            0.012721,             0.59685,             0.66661,              0.7045,             0.29704,            0.043913,           0.0041535,             0.01998,            0.008515,            0.008515,            0.008515
                  32,            0.042149,            0.011001,            0.010665,             0.75129,             0.48342,             0.68061,             0.30403,            0.047036,           0.0039575,            0.020431,           0.0084655,           0.0084655,           0.0084655
                  33,            0.040226,            0.010877,            0.013699,             0.70624,             0.49123,             0.60889,             0.27469,            0.052043,           0.0038795,            0.019712,            0.008416,            0.008416,            0.008416
                  34,             0.04038,             0.01051,            0.012454,              0.5226,             0.73947,               0.656,              0.2759,            0.052012,           0.0038323,            0.020157,           0.0083665,           0.0083665,           0.0083665
                  35,            0.042831,             0.01055,            0.012535,             0.67302,             0.71383,             0.71261,             0.41265,            0.038064,           0.0038598,            0.018692,            0.008317,            0.008317,            0.008317
                  36,            0.038688,            0.010453,             0.01284,             0.61514,             0.71716,             0.67425,             0.39595,            0.036533,           0.0038111,            0.020299,           0.0082675,           0.0082675,           0.0082675
                  37,            0.040163,           0.0094618,           0.0098966,             0.57944,             0.74693,             0.53641,             0.31384,            0.045509,           0.0036917,            0.020814,            0.008218,            0.008218,            0.008218
                  38,            0.039791,           0.0094701,             0.01132,             0.60473,             0.76579,             0.69722,             0.33061,            0.043018,           0.0036602,            0.020904,           0.0081685,           0.0081685,           0.0081685
                  39,            0.037589,           0.0092526,            0.010936,             0.66974,             0.69649,             0.71459,             0.42762,            0.040605,           0.0035255,            0.018827,            0.008119,            0.008119,            0.008119
                  40,            0.038029,           0.0090515,            0.014065,             0.69607,             0.76699,             0.74151,             0.45169,            0.040165,           0.0035367,            0.018515,           0.0080695,           0.0080695,           0.0080695
                  41,            0.036971,           0.0080537,           0.0086176,             0.81256,             0.76579,             0.78085,             0.47549,            0.035394,           0.0036027,            0.019002,             0.00802,             0.00802,             0.00802
                  42,            0.037051,           0.0088201,            0.010898,             0.80752,             0.76807,             0.80173,             0.46197,            0.035811,           0.0035982,            0.019705,           0.0079705,           0.0079705,           0.0079705
                  43,            0.037792,           0.0097321,           0.0094341,             0.80786,             0.72982,             0.78336,             0.48848,            0.033451,           0.0035312,            0.020496,            0.007921,            0.007921,            0.007921
                  44,            0.036566,           0.0088449,           0.0088355,             0.83808,             0.70948,             0.76504,             0.50645,            0.032594,           0.0036614,            0.019472,           0.0078715,           0.0078715,           0.0078715
                  45,            0.037667,           0.0092129,           0.0097737,             0.62428,             0.68947,              0.6138,             0.35012,            0.043405,           0.0037355,            0.019863,            0.007822,            0.007822,            0.007822
                  46,            0.036891,           0.0085074,           0.0069713,             0.65216,             0.73947,             0.63298,             0.28308,            0.052519,           0.0036476,            0.020677,           0.0077725,           0.0077725,           0.0077725
                  47,            0.036602,            0.008713,           0.0083524,             0.82097,             0.76579,             0.78848,             0.47692,            0.029725,           0.0036736,            0.019823,            0.007723,            0.007723,            0.007723
                  48,             0.03615,           0.0084096,            0.007532,              0.8727,             0.74912,             0.81001,              0.4476,            0.035559,           0.0034726,            0.019245,           0.0076735,           0.0076735,           0.0076735
                  49,            0.036592,           0.0083118,           0.0072932,             0.70364,             0.63685,             0.71356,             0.34252,             0.03914,           0.0034153,            0.020018,            0.007624,            0.007624,            0.007624
                  50,            0.036706,           0.0089162,           0.0064773,             0.78608,             0.64336,             0.73163,             0.30174,            0.041833,           0.0034282,            0.021128,           0.0075745,           0.0075745,           0.0075745
                  51,            0.035087,           0.0090841,           0.0071377,              0.8172,             0.70614,             0.76604,             0.46765,            0.030094,           0.0034437,            0.022326,            0.007525,            0.007525,            0.007525
                  52,            0.033245,           0.0086798,           0.0064164,             0.72904,             0.64649,             0.71889,             0.41724,            0.032087,           0.0034082,              0.0228,           0.0074755,           0.0074755,           0.0074755
                  53,            0.033158,           0.0088071,            0.010192,             0.75979,             0.65212,             0.74837,             0.45087,            0.034542,           0.0033469,            0.022488,            0.007426,            0.007426,            0.007426
                  54,             0.03363,           0.0081307,           0.0076759,             0.85956,             0.71579,             0.80108,             0.46658,            0.030136,           0.0033786,            0.021519,           0.0073765,           0.0073765,           0.0073765
                  55,            0.033955,            0.008341,            0.008035,             0.69626,             0.73246,             0.66515,             0.38149,            0.045502,           0.0033965,             0.02084,            0.007327,            0.007327,            0.007327
                  56,            0.035697,            0.009244,           0.0071771,             0.86948,             0.76419,             0.76995,             0.38135,            0.037389,           0.0035779,             0.01992,           0.0072775,           0.0072775,           0.0072775
                  57,             0.03443,           0.0082266,           0.0066771,             0.85433,             0.72201,             0.76607,             0.43741,            0.032233,            0.003464,             0.01935,            0.007228,            0.007228,            0.007228
                  58,            0.031719,           0.0081717,            0.006739,             0.74427,             0.67982,             0.71924,             0.39051,            0.035621,           0.0033352,            0.020488,           0.0071785,           0.0071785,           0.0071785
                  59,            0.031876,           0.0076772,           0.0084813,             0.78878,             0.78157,             0.82251,             0.54127,            0.030311,           0.0031979,            0.019671,            0.007129,            0.007129,            0.007129
                  60,            0.031419,           0.0076349,           0.0098052,              0.7841,             0.66316,             0.79067,             0.46532,            0.030522,           0.0033207,            0.020502,           0.0070795,           0.0070795,           0.0070795
                  61,            0.031375,           0.0083564,           0.0077789,             0.67947,             0.82807,             0.78912,              0.4933,            0.028639,           0.0032775,            0.020889,             0.00703,             0.00703,             0.00703
                  62,            0.032349,           0.0090006,           0.0073861,             0.67282,             0.71316,             0.71901,              0.3219,            0.042715,           0.0031986,            0.022639,           0.0069805,           0.0069805,           0.0069805
                  63,            0.034209,           0.0093422,           0.0085145,             0.67208,             0.71316,             0.70561,              0.4613,            0.030676,           0.0031617,            0.024208,            0.006931,            0.006931,            0.006931
                  64,            0.029883,           0.0078618,           0.0075392,             0.74208,             0.72982,             0.77004,             0.50005,            0.027298,           0.0032036,            0.022779,           0.0068815,           0.0068815,           0.0068815
                  65,             0.03058,           0.0081294,           0.0063611,             0.82488,             0.70351,             0.78558,             0.48733,            0.029133,            0.003186,            0.022488,            0.006832,            0.006832,            0.006832
                  66,            0.031846,           0.0084562,           0.0053761,             0.81552,             0.73862,             0.80007,             0.51541,            0.029532,            0.003124,             0.02281,           0.0067825,           0.0067825,           0.0067825
                  67,            0.031201,           0.0085972,           0.0069005,             0.83069,             0.72281,             0.83842,             0.61423,            0.030094,           0.0030682,             0.01954,            0.006733,            0.006733,            0.006733
                  68,            0.029663,           0.0084231,            0.006155,             0.90457,             0.74196,              0.8782,             0.56737,            0.028769,           0.0030153,            0.017315,           0.0066835,           0.0066835,           0.0066835
                  69,            0.031186,           0.0081069,           0.0061385,              0.8325,             0.73314,             0.86084,             0.54408,            0.034273,           0.0030282,            0.017202,            0.006634,            0.006634,            0.006634
                  70,            0.030135,           0.0082149,            0.010193,             0.84949,             0.81842,             0.87872,             0.59818,            0.026292,           0.0030813,            0.016961,           0.0065845,           0.0065845,           0.0065845
                  71,            0.028116,            0.007328,           0.0064022,             0.71282,             0.65614,             0.78926,             0.52186,            0.031436,           0.0031157,            0.017839,            0.006535,            0.006535,            0.006535
                  72,            0.029547,           0.0078468,           0.0060484,             0.57992,             0.84474,             0.77675,             0.42296,             0.03383,           0.0032105,            0.016401,           0.0064855,           0.0064855,           0.0064855
                  73,            0.028794,           0.0072993,           0.0057471,              0.6895,             0.67018,             0.78229,             0.45494,             0.03092,           0.0031071,            0.016982,            0.006436,            0.006436,            0.006436
                  74,            0.028089,            0.008106,           0.0069794,             0.69243,             0.81842,              0.8431,             0.51237,            0.033503,           0.0030682,            0.016777,           0.0063865,           0.0063865,           0.0063865
                  75,            0.030273,           0.0077763,           0.0078441,             0.88472,             0.76579,             0.88177,             0.61049,            0.026835,           0.0030146,            0.015643,            0.006337,            0.006337,            0.006337
                  76,            0.029032,           0.0076298,           0.0052149,             0.86219,             0.81842,             0.87431,             0.59601,            0.025374,           0.0029907,            0.015663,           0.0062875,           0.0062875,           0.0062875
                  77,            0.028483,           0.0075949,           0.0052249,             0.89828,             0.73947,             0.83524,              0.5195,            0.025746,           0.0030711,            0.018715,            0.006238,            0.006238,            0.006238
                  78,            0.026508,           0.0079527,           0.0056933,             0.84377,             0.84474,              0.8801,             0.56818,            0.027183,           0.0031049,            0.014991,           0.0061885,           0.0061885,           0.0061885
                  79,            0.028131,           0.0076745,           0.0053177,             0.80133,             0.85782,             0.88081,             0.58426,            0.026158,           0.0029523,            0.016708,            0.006139,            0.006139,            0.006139
                  80,            0.028218,           0.0078485,           0.0057814,             0.59644,             0.86209,             0.80475,             0.44291,            0.034507,            0.003058,            0.017202,           0.0060895,           0.0060895,           0.0060895
                  81,            0.027186,           0.0073045,           0.0056267,             0.85761,             0.82544,             0.88191,             0.57068,            0.026935,           0.0029938,             0.01708,             0.00604,             0.00604,             0.00604
                  82,            0.027099,           0.0071186,           0.0049216,             0.80937,              0.8114,             0.88593,             0.53677,            0.033823,           0.0030482,            0.015597,           0.0059905,           0.0059905,           0.0059905
                  83,            0.028144,           0.0072426,           0.0053928,             0.89213,             0.84474,             0.89561,             0.60678,            0.024637,           0.0030777,            0.015352,            0.005941,            0.005941,            0.005941
                  84,             0.02639,           0.0075782,           0.0058219,             0.90619,             0.81842,              0.8923,             0.59348,            0.026931,           0.0030746,            0.015233,           0.0058915,           0.0058915,           0.0058915
                  85,            0.026811,           0.0076862,           0.0047477,             0.90648,             0.81842,             0.90597,             0.59415,            0.025181,           0.0030427,            0.014806,            0.005842,            0.005842,            0.005842
                  86,            0.026648,           0.0071374,           0.0052162,             0.89457,             0.81842,             0.90882,             0.51427,            0.029571,           0.0030661,            0.014565,           0.0057925,           0.0057925,           0.0057925
                  87,            0.028765,           0.0067417,           0.0054115,             0.83939,             0.79211,             0.88522,             0.57686,            0.026027,           0.0030746,            0.015898,            0.005743,            0.005743,            0.005743
                  88,            0.026043,           0.0073067,           0.0051951,             0.89443,             0.79211,             0.88849,             0.51592,            0.029132,           0.0031056,            0.018104,           0.0056935,           0.0056935,           0.0056935
                  89,             0.02631,           0.0078542,           0.0060113,             0.89974,             0.79211,             0.86751,              0.5394,            0.029294,           0.0031352,            0.018728,            0.005644,            0.005644,            0.005644
                  90,            0.026092,           0.0079684,           0.0057003,             0.89682,             0.79211,              0.8813,             0.53328,            0.029285,           0.0031438,            0.018113,           0.0055945,           0.0055945,           0.0055945
                  91,             0.02641,           0.0076947,           0.0049558,             0.89732,             0.79211,             0.89356,             0.59804,            0.030561,           0.0031338,            0.016553,            0.005545,            0.005545,            0.005545
                  92,            0.026067,            0.007432,           0.0053158,             0.91245,             0.81842,             0.90533,             0.59589,            0.024544,           0.0030961,            0.016001,           0.0054955,           0.0054955,           0.0054955
                  93,             0.02522,           0.0069434,           0.0054705,             0.87566,             0.76579,             0.89897,             0.58273,            0.026407,           0.0030928,            0.016668,            0.005446,            0.005446,            0.005446
                  94,            0.025015,           0.0070706,           0.0096399,             0.87488,             0.71975,             0.86383,             0.52405,            0.027403,           0.0031035,            0.018624,           0.0053965,           0.0053965,           0.0053965
                  95,            0.026587,           0.0070399,           0.0047584,             0.82125,             0.71625,             0.82632,              0.5389,            0.030652,           0.0029824,            0.021208,            0.005347,            0.005347,            0.005347
                  96,             0.02563,           0.0069038,           0.0045151,             0.81829,             0.72999,             0.81966,             0.55914,            0.028551,           0.0029268,            0.021261,           0.0052975,           0.0052975,           0.0052975
                  97,            0.024745,           0.0070375,           0.0044775,             0.80271,             0.77793,             0.82738,             0.61028,            0.023022,           0.0028887,            0.021417,            0.005248,            0.005248,            0.005248
                  98,            0.024148,           0.0068638,           0.0045705,             0.82134,             0.73636,              0.7947,             0.52762,            0.029948,           0.0028996,            0.022875,           0.0051985,           0.0051985,           0.0051985
                  99,            0.025398,           0.0063721,           0.0053294,             0.78688,              0.7546,              0.7934,             0.54242,             0.02573,           0.0029192,            0.024657,            0.005149,            0.005149,            0.005149
                 100,            0.024516,            0.007137,           0.0043759,             0.78735,             0.77201,             0.79393,             0.52697,            0.024323,            0.002939,             0.02492,           0.0050995,           0.0050995,           0.0050995
                 101,            0.024194,           0.0070918,            0.010012,             0.84829,             0.73354,             0.80557,             0.56193,            0.024396,            0.002897,            0.024831,             0.00505,             0.00505,             0.00505
                 102,             0.02344,            0.006544,           0.0045846,             0.85552,              0.7364,             0.78665,             0.56063,            0.022609,           0.0028694,            0.025202,           0.0050005,           0.0050005,           0.0050005
                 103,            0.025504,           0.0071797,           0.0049384,             0.86964,             0.71679,             0.78649,             0.54065,             0.02428,           0.0029259,            0.025929,            0.004951,            0.004951,            0.004951
                 104,            0.022612,           0.0068682,           0.0052784,             0.82328,               0.763,             0.79636,             0.52884,            0.024312,           0.0028403,              0.0252,           0.0049015,           0.0049015,           0.0049015
                 105,             0.02297,           0.0064931,           0.0049808,             0.79149,             0.77618,             0.79215,             0.59122,            0.020506,           0.0027847,            0.025281,            0.004852,            0.004852,            0.004852
                 106,            0.022955,           0.0066757,           0.0060154,             0.79201,             0.73947,             0.76195,             0.52043,            0.026015,           0.0028317,             0.02634,           0.0048025,           0.0048025,           0.0048025
                 107,            0.025388,           0.0077853,           0.0059441,             0.74748,             0.79912,             0.79231,             0.56131,            0.023485,           0.0028017,            0.024402,            0.004753,            0.004753,            0.004753
                 108,            0.021473,           0.0069973,           0.0041634,             0.85157,             0.71316,             0.77438,             0.48745,            0.026639,           0.0028315,            0.023899,           0.0047035,           0.0047035,           0.0047035
                 109,            0.024491,           0.0070185,           0.0041017,             0.84766,             0.71316,             0.78001,             0.53132,            0.025021,           0.0028183,            0.023571,            0.004654,            0.004654,            0.004654
                 110,            0.023242,           0.0070886,           0.0044373,             0.85251,             0.71316,             0.78732,             0.58784,            0.021493,           0.0027878,            0.023043,           0.0046045,           0.0046045,           0.0046045
                 111,            0.022899,           0.0078756,           0.0047031,             0.85371,             0.72982,             0.82417,             0.57416,            0.027127,           0.0028062,            0.021916,            0.004555,            0.004555,            0.004555
                 112,            0.023039,           0.0066874,           0.0045237,             0.71202,             0.88772,             0.86374,             0.59438,            0.023939,           0.0028851,            0.019705,           0.0045055,           0.0045055,           0.0045055
                 113,            0.023181,            0.006621,           0.0038232,             0.75193,             0.88691,             0.88837,             0.62325,            0.025444,           0.0029402,               0.017,            0.004456,            0.004456,            0.004456
                 114,            0.021464,           0.0068685,           0.0065144,             0.76309,             0.87636,             0.89199,             0.58536,            0.027156,           0.0029552,            0.017697,           0.0044065,           0.0044065,           0.0044065
                 115,            0.023632,           0.0069402,           0.0052659,              0.7502,              0.8984,             0.88883,             0.62888,            0.023443,           0.0028536,            0.018627,            0.004357,            0.004357,            0.004357
                 116,            0.023535,           0.0068618,           0.0042388,             0.85148,             0.79211,             0.87417,             0.63507,            0.022074,           0.0028663,            0.019416,           0.0043075,           0.0043075,           0.0043075
                 117,            0.023114,           0.0077323,           0.0048433,             0.72264,              0.8614,             0.86067,             0.65286,            0.020232,           0.0028319,            0.020166,            0.004258,            0.004258,            0.004258
                 118,            0.021188,           0.0068756,           0.0040515,             0.87202,             0.71316,             0.84353,             0.55638,            0.026112,           0.0029097,             0.02204,           0.0042085,           0.0042085,           0.0042085
                 119,            0.024279,           0.0064569,           0.0042228,             0.88586,             0.72982,             0.82557,             0.56147,            0.023655,           0.0028713,            0.022861,            0.004159,            0.004159,            0.004159
                 120,            0.021058,           0.0067098,           0.0036961,              0.8644,             0.72982,             0.83801,             0.60859,            0.022246,           0.0028155,            0.022756,           0.0041095,           0.0041095,           0.0041095
                 121,             0.02171,           0.0063726,           0.0038885,             0.85578,             0.72982,             0.84294,              0.6138,            0.022011,           0.0027995,            0.022665,             0.00406,             0.00406,             0.00406
                 122,            0.021593,           0.0060763,           0.0033481,             0.88031,              0.7491,             0.86328,             0.59462,            0.022786,           0.0028257,            0.020707,           0.0040105,           0.0040105,           0.0040105
                 123,            0.020897,           0.0066775,           0.0066571,              0.7434,             0.86016,              0.8677,             0.63181,            0.020529,           0.0028017,            0.018012,            0.003961,            0.003961,            0.003961
                 124,            0.021208,           0.0062483,           0.0033724,             0.73918,             0.85879,              0.8668,             0.63057,            0.020357,           0.0027456,            0.018328,           0.0039115,           0.0039115,           0.0039115
                 125,            0.022356,           0.0067921,           0.0040783,             0.72826,             0.87566,              0.8536,             0.59406,            0.021757,           0.0027478,            0.019335,            0.003862,            0.003862,            0.003862
                 126,            0.021089,           0.0061527,           0.0040306,             0.72438,             0.86168,             0.84452,             0.58699,            0.021708,           0.0027423,            0.020957,           0.0038125,           0.0038125,           0.0038125
                 127,            0.021862,           0.0059901,           0.0033769,             0.73772,             0.83112,             0.86184,             0.65086,            0.020943,           0.0027242,            0.021804,            0.003763,            0.003763,            0.003763
                 128,            0.020912,           0.0071204,           0.0037159,             0.84551,             0.72974,             0.86116,             0.61087,            0.023647,           0.0028019,            0.021193,           0.0037135,           0.0037135,           0.0037135
                 129,            0.020341,           0.0074607,           0.0045901,             0.74825,             0.83448,             0.87379,             0.58752,            0.026968,           0.0028265,            0.020702,            0.003664,            0.003664,            0.003664
                 130,            0.020048,           0.0065523,           0.0039761,             0.77985,             0.82213,              0.8758,             0.65348,             0.02163,           0.0027628,             0.01888,           0.0036145,           0.0036145,           0.0036145
                 131,            0.021308,            0.006728,           0.0033266,             0.85088,             0.73947,               0.856,             0.65875,            0.020341,           0.0027463,            0.022132,            0.003565,            0.003565,            0.003565
                 132,            0.020405,           0.0062117,           0.0035993,             0.85608,             0.73947,             0.84931,             0.64017,             0.02025,           0.0027425,            0.023221,           0.0035155,           0.0035155,           0.0035155
                 133,            0.019367,           0.0062258,           0.0071614,             0.85224,             0.73947,             0.85645,             0.62068,            0.022499,           0.0028102,            0.024755,            0.003466,            0.003466,            0.003466
                 134,            0.020117,           0.0061847,            0.002879,             0.86609,             0.73676,             0.83378,             0.61784,             0.02041,           0.0027547,            0.026608,           0.0034165,           0.0034165,           0.0034165
                 135,            0.019056,           0.0063765,           0.0034258,             0.81376,             0.73947,             0.76782,             0.57104,            0.019949,           0.0026423,            0.029349,            0.003367,            0.003367,            0.003367
                 136,            0.020282,           0.0061075,           0.0031106,             0.82585,             0.73947,             0.74589,             0.55943,            0.020299,           0.0026727,            0.029049,           0.0033175,           0.0033175,           0.0033175
                 137,            0.018693,            0.006407,           0.0045845,             0.82658,             0.73947,             0.73773,             0.53944,            0.020383,           0.0027013,            0.028831,            0.003268,            0.003268,            0.003268
                 138,            0.018628,           0.0068218,           0.0030909,             0.82618,             0.73947,             0.75758,             0.52225,             0.02239,           0.0027208,            0.028295,           0.0032185,           0.0032185,           0.0032185
                 139,            0.020744,           0.0064998,           0.0036672,              0.8198,             0.73947,             0.76309,             0.57771,            0.019111,           0.0026693,            0.027984,            0.003169,            0.003169,            0.003169
                 140,            0.019863,           0.0076275,           0.0032124,             0.81129,             0.73746,             0.79546,             0.58495,            0.020848,           0.0026996,            0.027452,           0.0031195,           0.0031195,           0.0031195
                 141,            0.018388,           0.0068029,           0.0038602,             0.80504,             0.74068,              0.8169,             0.55744,            0.021458,           0.0027466,            0.026844,             0.00307,             0.00307,             0.00307
                 142,             0.02065,           0.0061886,           0.0039357,             0.81892,             0.72761,             0.83099,             0.55082,             0.02263,           0.0028045,            0.025663,           0.0030205,           0.0030205,           0.0030205
                 143,            0.019545,           0.0064935,           0.0032176,             0.83147,             0.72913,             0.84952,             0.60389,            0.022429,           0.0027869,            0.023491,            0.002971,            0.002971,            0.002971
                 144,             0.01855,           0.0061413,           0.0034575,             0.82124,             0.73947,             0.86137,             0.62354,            0.020399,           0.0027957,            0.022308,           0.0029215,           0.0029215,           0.0029215
                 145,            0.017446,           0.0059294,           0.0026441,             0.83238,             0.76579,             0.87097,             0.62856,            0.021072,           0.0028403,            0.021078,            0.002872,            0.002872,            0.002872
                 146,            0.018455,           0.0060754,           0.0032607,             0.84126,             0.76579,              0.8678,              0.6079,            0.023943,           0.0028851,             0.02055,           0.0028225,           0.0028225,           0.0028225
                 147,            0.019422,           0.0066785,           0.0025359,              0.8772,             0.76477,               0.868,             0.66058,            0.020235,           0.0028052,            0.020186,            0.002773,            0.002773,            0.002773
                 148,            0.018519,           0.0064637,           0.0031278,             0.88406,             0.76546,             0.86925,             0.62559,            0.021229,           0.0028012,            0.020432,           0.0027235,           0.0027235,           0.0027235
                 149,            0.017056,            0.006107,           0.0034474,             0.89302,             0.76029,             0.86215,             0.62953,            0.021463,           0.0028331,            0.020856,            0.002674,            0.002674,            0.002674
                 150,            0.018719,           0.0062291,           0.0033264,             0.85429,             0.75961,             0.86354,             0.66525,            0.020235,           0.0028045,            0.022319,           0.0026245,           0.0026245,           0.0026245
                 151,            0.018054,           0.0066245,           0.0033327,             0.84539,             0.76177,             0.84379,             0.64841,            0.018955,           0.0027812,             0.02412,            0.002575,            0.002575,            0.002575
                 152,            0.018984,           0.0056204,           0.0049458,             0.81706,             0.76579,             0.84316,             0.64773,            0.018206,           0.0027506,            0.024758,           0.0025255,           0.0025255,           0.0025255
                 153,             0.01699,           0.0056958,           0.0084448,             0.78838,             0.76579,             0.83764,             0.63348,            0.018514,           0.0027318,            0.026056,            0.002476,            0.002476,            0.002476
                 154,            0.017388,           0.0062171,           0.0026419,             0.82216,             0.73947,             0.83389,             0.63052,            0.019361,           0.0027277,            0.026924,           0.0024265,           0.0024265,           0.0024265
                 155,            0.017133,            0.005254,           0.0022823,             0.81584,             0.73947,             0.81873,             0.64347,            0.019645,           0.0027401,            0.028138,            0.002377,            0.002377,            0.002377
                 156,            0.017578,            0.005824,           0.0022769,             0.81189,             0.73947,               0.802,             0.62428,             0.01871,           0.0027342,            0.028305,           0.0023275,           0.0023275,           0.0023275
                 157,            0.016981,           0.0048955,           0.0023622,             0.81722,              0.7316,             0.80132,             0.59775,            0.020754,           0.0028136,            0.028111,            0.002278,            0.002278,            0.002278
                 158,            0.016147,           0.0054671,           0.0030987,             0.75002,             0.79105,             0.79938,             0.62676,            0.019413,           0.0027797,            0.027478,           0.0022285,           0.0022285,           0.0022285
                 159,            0.017147,           0.0065244,            0.002859,             0.76838,              0.7984,             0.79148,             0.60485,            0.020714,           0.0027785,             0.02743,            0.002179,            0.002179,            0.002179
                 160,             0.01919,            0.007834,           0.0047088,             0.76707,             0.80367,             0.80643,             0.61112,            0.018488,           0.0027525,            0.026534,           0.0021295,           0.0021295,           0.0021295
                 161,            0.017237,           0.0071323,           0.0032168,             0.84046,             0.75453,             0.82721,             0.63672,            0.018744,           0.0027876,            0.025346,             0.00208,             0.00208,             0.00208
                 162,            0.014729,           0.0055752,           0.0023319,             0.85587,             0.75588,             0.83511,             0.62652,            0.020861,           0.0028467,            0.024437,           0.0020305,           0.0020305,           0.0020305
                 163,            0.017269,           0.0060711,           0.0031474,             0.85838,             0.75544,             0.83419,             0.63053,            0.019249,            0.002816,            0.022929,            0.001981,            0.001981,            0.001981
                 164,            0.016505,           0.0062689,           0.0023388,             0.84532,             0.78924,             0.85976,             0.65044,            0.019689,           0.0028145,             0.02213,           0.0019315,           0.0019315,           0.0019315
                 165,            0.016232,           0.0057389,           0.0039342,             0.85702,             0.76579,             0.86096,             0.63633,            0.020101,           0.0028343,            0.021226,            0.001882,            0.001882,            0.001882
                 166,             0.01685,           0.0059613,           0.0023574,             0.73791,              0.8706,             0.86027,             0.63144,            0.020566,           0.0028305,            0.021744,           0.0018325,           0.0018325,           0.0018325
                 167,            0.018862,           0.0064201,            0.003832,             0.84792,              0.7549,             0.86236,             0.65214,            0.019385,            0.002785,             0.02155,            0.001783,            0.001783,            0.001783
                 168,            0.016182,           0.0062764,           0.0032934,              0.7692,             0.80626,             0.86082,             0.64838,            0.019604,           0.0027819,            0.021832,           0.0017335,           0.0017335,           0.0017335
                 169,            0.015276,           0.0054711,           0.0022183,             0.76966,             0.80579,             0.86033,             0.61958,            0.020931,           0.0028279,             0.02201,            0.001684,            0.001684,            0.001684
                 170,            0.015173,           0.0056989,           0.0020514,             0.77006,             0.80479,             0.86311,             0.65203,            0.020101,           0.0027978,            0.022202,           0.0016345,           0.0016345,           0.0016345
                 171,            0.015147,           0.0055617,           0.0020549,             0.76692,             0.80137,              0.8639,             0.65898,            0.019013,           0.0028059,            0.022805,            0.001585,            0.001585,            0.001585
                 172,            0.015167,           0.0059044,           0.0021136,             0.82322,             0.75071,             0.85134,             0.65266,            0.018901,           0.0027969,            0.023716,           0.0015355,           0.0015355,           0.0015355
                 173,            0.014211,           0.0062621,           0.0023096,              0.8254,             0.75928,              0.8539,             0.65936,            0.019535,           0.0027997,            0.024322,            0.001486,            0.001486,            0.001486
                 174,            0.014612,           0.0065451,           0.0026004,             0.83011,              0.7598,             0.85342,             0.64283,            0.020094,           0.0028253,            0.024445,           0.0014365,           0.0014365,           0.0014365
                 175,            0.014832,           0.0053108,            0.002259,             0.82555,             0.75621,             0.85338,             0.65287,            0.018675,           0.0028088,            0.025634,            0.001387,            0.001387,            0.001387
                 176,            0.014358,           0.0057852,           0.0019334,             0.82355,              0.7561,             0.84697,             0.65888,            0.018451,           0.0028071,            0.025997,           0.0013375,           0.0013375,           0.0013375
                 177,            0.015368,           0.0058085,           0.0023261,             0.84454,             0.73947,              0.8372,             0.62972,            0.018953,           0.0028241,            0.026735,            0.001288,            0.001288,            0.001288
                 178,            0.014572,           0.0059241,           0.0025053,             0.84786,             0.73947,             0.83071,             0.63633,            0.018698,           0.0028126,            0.027168,           0.0012385,           0.0012385,           0.0012385
                 179,            0.015059,           0.0055857,           0.0019128,             0.84902,              0.7378,             0.82803,             0.62838,            0.019114,           0.0028255,            0.027946,            0.001189,            0.001189,            0.001189
                 180,            0.014011,           0.0054138,           0.0023523,             0.77962,             0.78858,             0.82615,             0.63958,            0.018813,           0.0028059,            0.028435,           0.0011395,           0.0011395,           0.0011395
                 181,            0.015078,           0.0056911,           0.0021826,             0.78788,             0.79192,             0.82912,             0.65034,            0.018683,           0.0028431,            0.027762,             0.00109,             0.00109,             0.00109
                 182,            0.014896,           0.0053863,           0.0023674,             0.78691,             0.79211,             0.83572,             0.62922,            0.019164,           0.0028589,            0.027309,           0.0010405,           0.0010405,           0.0010405
                 183,            0.015819,           0.0058496,           0.0020626,             0.79436,             0.79211,             0.84177,             0.65104,             0.01791,           0.0028794,            0.026607,            0.000991,            0.000991,            0.000991
                 184,            0.014676,           0.0059391,           0.0022435,             0.83478,             0.76256,             0.84138,             0.65123,            0.018146,           0.0028884,            0.025991,           0.0009415,           0.0009415,           0.0009415
                 185,            0.014564,            0.005851,           0.0022801,              0.8359,              0.7875,             0.85059,             0.66177,            0.018102,           0.0028799,            0.025347,            0.000892,            0.000892,            0.000892
                 186,            0.013559,           0.0056957,           0.0021547,             0.83301,             0.79211,             0.85153,             0.65872,            0.018721,           0.0028782,            0.025064,           0.0008425,           0.0008425,           0.0008425
                 187,            0.012915,           0.0049875,           0.0025421,             0.85698,             0.79124,             0.85651,             0.66496,            0.018088,           0.0028565,            0.024174,            0.000793,            0.000793,            0.000793
                 188,            0.013061,           0.0051986,            0.001734,             0.85984,             0.78801,             0.86006,             0.66484,            0.018205,           0.0028505,            0.023965,           0.0007435,           0.0007435,           0.0007435
                 189,            0.015292,           0.0052859,           0.0020016,             0.86048,             0.77383,             0.86292,             0.67096,            0.018085,           0.0028217,             0.02387,            0.000694,            0.000694,            0.000694
                 190,            0.013197,           0.0055637,           0.0019367,             0.86209,             0.76579,             0.85573,             0.67724,            0.017717,              0.0028,            0.024233,           0.0006445,           0.0006445,           0.0006445
                 191,            0.014192,           0.0059139,           0.0020988,             0.85924,             0.76579,             0.86244,             0.68082,             0.01754,           0.0028026,            0.023855,            0.000595,            0.000595,            0.000595
                 192,            0.013088,           0.0060831,           0.0017237,             0.86465,             0.77438,             0.86493,             0.68064,            0.017503,           0.0028141,            0.023775,           0.0005455,           0.0005455,           0.0005455
                 193,            0.013579,           0.0062106,           0.0018897,             0.85571,              0.7833,             0.85896,             0.67203,            0.018066,           0.0028179,            0.024502,            0.000496,            0.000496,            0.000496
                 194,            0.013524,           0.0059105,           0.0018123,             0.86189,             0.79099,             0.86098,             0.67522,            0.018144,           0.0028293,            0.024555,           0.0004465,           0.0004465,           0.0004465
                 195,            0.013703,           0.0055453,           0.0018016,             0.86012,             0.79211,             0.86392,             0.68538,            0.017444,           0.0027971,             0.02457,            0.000397,            0.000397,            0.000397
                 196,             0.01321,           0.0053071,           0.0023217,             0.85711,             0.79211,             0.86556,             0.68838,            0.017509,           0.0027931,            0.024584,           0.0003475,           0.0003475,           0.0003475
                 197,             0.01752,           0.0072908,            0.005184,             0.85865,             0.78671,             0.86484,             0.68894,             0.01729,           0.0027788,            0.024548,            0.000298,            0.000298,            0.000298
                 198,            0.013593,           0.0053114,           0.0016481,             0.85568,             0.76579,             0.85455,             0.68083,            0.017296,           0.0027711,            0.025026,           0.0002485,           0.0002485,           0.0002485
                 199,            0.012835,           0.0059398,           0.0019315,             0.85544,             0.76579,             0.85008,             0.66746,            0.017449,           0.0027618,             0.02571,            0.000199,            0.000199,            0.000199
